{
    "target_stats": {
        "Be_0_0": {
            "count": 527040.0,
            "mean": 3.707668521788691,
            "std": 30.743712636925746,
            "min": -681.418,
            "25%": -8.16944,
            "50%": 0.7618155,
            "75%": 13.8805,
            "max": 833.25
        },
        "Bn_0_0": {
            "count": 527040.0,
            "mean": -0.4874991955073062,
            "std": 81.01439655523913,
            "min": -1193.38,
            "25%": -12.8376,
            "50%": 1.4310049999999999,
            "75%": 16.144025,
            "max": 1112.02
        },
        "Bu_0_0": {
            "count": 527040.0,
            "mean": -3.509823653471861,
            "std": 52.16230340934718,
            "min": -1116.28,
            "25%": -12.7108,
            "50%": -2.31348,
            "75%": 5.511722499999999,
            "max": 1237.82
        }
    },
    "temporal_info": {
        "total_days": 365,
        "samples_per_day": 1443.945205479452,
        "branch1_interval": "0 days 00:14:59.974385245",
        "branch2_interval": "0 days 00:00:59.999886156"
    }
}