{"loss": [8457.1796875, 6717.5341796875, 5483.24365234375, 4347.0927734375, 4333.9453125, 4652.44580078125, 4021.16796875, 3708.748291015625, 3579.1640625, 3946.78857421875, 3495.325439453125, 3615.16162109375, 3498.185302734375, 3425.6298828125, 3098.71630859375, 3100.3525390625, 3174.623046875, 3054.6591796875, 2977.996826171875, 2918.66552734375, 2924.31884765625, 3064.2783203125, 2686.7080078125, 2927.547119140625, 2466.646484375, 2420.2236328125, 3006.037109375, 2540.124267578125, 2727.378662109375, 2540.122314453125, 2234.98046875, 2344.830078125, 1951.906982421875, 2305.466064453125, 2248.324462890625, 2297.751708984375, 2530.984375, 2344.324951171875, 2138.471435546875, 2017.88427734375], "mse": [2819.060791015625, 2239.177978515625, 1827.7486572265625, 1449.0313720703125, 1444.6478271484375, 1550.8148193359375, 1340.3896484375, 1236.2503662109375, 1193.05517578125, 1315.5968017578125, 1165.1092529296875, 1205.053466796875, 1166.062255859375, 1141.8768310546875, 1032.9053955078125, 1033.4515380859375, 1058.207763671875, 1018.219482421875, 992.6659545898438, 972.8888549804688, 974.7723388671875, 1021.4255981445312, 895.5693359375, 975.848388671875, 822.215576171875, 806.7410888671875, 1002.0120849609375, 846.7080688476562, 909.1264038085938, 846.7076416015625, 744.99365234375, 781.6101684570312, 650.6358642578125, 768.4885864257812, 749.441650390625, 765.9169921875, 843.6615600585938, 781.4412231445312, 712.8236694335938, 672.6285400390625], "rmse": [53.09482192993164, 47.31995391845703, 42.752166748046875, 38.06613540649414, 38.00852966308594, 39.380393981933594, 36.611328125, 35.16033935546875, 34.54062271118164, 36.271148681640625, 34.13368606567383, 34.71388626098633, 34.147647857666016, 33.791664123535156, 32.13884735107422, 32.14733123779297, 32.53010177612305, 31.909555435180664, 31.506595611572266, 31.191160202026367, 31.221351623535156, 31.959758758544922, 29.92606544494629, 31.238582611083984, 28.674301147460938, 28.403188705444336, 31.65458106994629, 29.098249435424805, 30.151718139648438, 29.098236083984375, 27.294567108154297, 27.95728874206543, 25.5075626373291, 27.721628189086914, 27.375926971435547, 27.675209045410156, 29.045848846435547, 27.95427703857422, 26.698760986328125, 25.935077667236328], "val_loss": [15830.0185546875, 9243.318359375, 10534.244140625, 9569.9482421875, 6975.9453125, 5833.50537109375, 5674.52685546875, 7047.5908203125, 5936.150390625, 6880.1044921875, 6107.361328125, 5508.8916015625, 5846.87939453125, 4446.56689453125, 5988.486328125, 8851.4931640625, 5518.8310546875, 5802.3291015625, 9364.3681640625, 5392.67529296875, 6630.94189453125, 4633.95458984375, 5791.96240234375, 6260.02880859375, 4434.279296875, 5462.7041015625, 5321.58154296875, 6237.0810546875, 4871.40869140625, 5807.64306640625, 7304.197265625, 5427.255859375, 6865.86181640625, 6455.544921875, 4711.01806640625, 4870.1396484375, 5445.65234375, 4443.8896484375, 4885.673828125, 6107.1298828125], "val_mse": [5276.67138671875, 3081.107421875, 3511.415771484375, 3189.98291015625, 2325.314697265625, 1944.5020751953125, 1891.50927734375, 2349.197265625, 1978.717041015625, 2293.3681640625, 2035.78759765625, 1836.297607421875, 1948.9603271484375, 1482.188720703125, 1996.1619873046875, 2950.49755859375, 1839.6104736328125, 1934.109375, 3121.45654296875, 1797.558837890625, 2210.313720703125, 1544.6513671875, 1930.65380859375, 2086.67578125, 1478.093017578125, 1820.90087890625, 1773.8604736328125, 2079.02734375, 1623.802978515625, 1935.8814697265625, 2434.732177734375, 1809.085205078125, 2288.620361328125, 2151.84765625, 1570.339599609375, 1623.3797607421875, 1815.2177734375, 1481.297119140625, 1628.5584716796875, 2035.7095947265625], "val_rmse": [72.64070892333984, 55.507713317871094, 59.2571907043457, 56.47993087768555, 48.221519470214844, 44.09650421142578, 43.49148178100586, 48.4685173034668, 44.48276901245117, 47.889122009277344, 45.11969757080078, 42.8520393371582, 44.14702224731445, 38.49920654296875, 44.67843246459961, 54.318485260009766, 42.89067840576172, 43.978511810302734, 55.869991302490234, 42.397621154785156, 47.01397705078125, 39.30205535888672, 43.939208984375, 45.680152893066406, 38.44597625732422, 42.672019958496094, 42.11722183227539, 45.59634780883789, 40.29643630981445, 43.9986457824707, 49.3430061340332, 42.53334426879883, 47.83953094482422, 46.38801956176758, 39.62751007080078, 40.29118728637695, 42.605369567871094, 38.48761749267578, 40.35539627075195, 45.11884307861328], "lr": [0.0005000000237487257, 0.0005000000237487257, 0.0005000000237487257, 0.0005000000237487257, 0.0005000000237487257, 0.0005000000237487257, 0.0005000000237487257, 0.0005000000237487257, 0.0005000000237487257, 0.0005000000237487257, 0.0005000000237487257, 0.0005000000237487257, 0.0005000000237487257, 0.0005000000237487257, 0.0005000000237487257, 0.0005000000237487257, 0.0005000000237487257, 0.0005000000237487257, 0.0005000000237487257, 0.0005000000237487257, 0.0005000000237487257, 0.0002500000118743628, 0.0002500000118743628, 0.0002500000118743628, 0.0002500000118743628, 0.0002500000118743628, 0.0002500000118743628, 0.0002500000118743628, 0.0002500000118743628, 0.0002500000118743628, 0.0002500000118743628, 0.0002500000118743628, 0.0001250000059371814, 0.0001250000059371814, 0.0001250000059371814, 0.0001250000059371814, 0.0001250000059371814, 0.0001250000059371814, 0.0001250000059371814, 6.25000029685907e-05]}